{"schematics":[{"docType":1,"title":"LiPoChargeProtectBoost","dataStr":{"head":{"docType":"1","editorVersion":"6.2.46","c_para":{"Prefix Start":"1"},"c_spiceCmd":"null","x":"0","y":"0","portOfADImportHack":"","importFlag":0,"transformList":"","hasIdFlag":true,"uuid":"250cc4eb9de14e94bae597e037f5cb06"},"canvas":"CA~1000~1000~#FFFFFF~yes~#CCCCCC~5~1000~1000~line~10~pixel~5~0~0","shape":["LIB~550~401~package`NONE`BOM_Manufacturer Part`?`spicePre`.`~~0~frame_lib_1~~~0~#@$T~N~572.640625~-3~0~#000080~Arial~~~~~comment~NO~0~start~gge92~0~#@$T~P~572.6484375~-13.703125~0~#000080~Arial~~~~~comment~.~0~start~gge94~0~#@$PT~M 206 10 L 206 0 M 206 796 L 206 806 M 402 10 L 402 0 M 402 796 L 402 806 M 598 10 L 598 0 M 598 796 L 598 806 M 794 10 L 794 0 M 794 796 L 794 806 M 990 10 L 990 0 M 990 796 L 990 806 M 10 206 L 0 206 M 1139 206 L 1149 206 M 10 402 L 0 402 M 1139 402 L 1149 402 M 10 598 L 0 598 M 1139 598 L 1149 598 M 10 794 L 0 794 M 1139 794 L 1149 794~#880000~1~0~none~frame_tick_1~0~frame_tick#@$T~L~1.5~108~0~#880000~~~~~~comment~A~1~start~frame_tick_2~0~frame_tick#@$T~L~1140.5~108~0~#880000~~~~~~comment~A~1~start~frame_tick_3~0~frame_tick#@$T~L~1.5~304~0~#880000~~~~~~comment~B~1~start~frame_tick_4~0~frame_tick#@$T~L~1140.5~304~0~#880000~~~~~~comment~B~1~start~frame_tick_5~0~frame_tick#@$T~L~1.5~500~0~#880000~~~~~~comment~C~1~start~frame_tick_6~0~frame_tick#@$T~L~1140.5~500~0~#880000~~~~~~comment~C~1~start~frame_tick_7~0~frame_tick#@$T~L~1.5~696~0~#880000~~~~~~comment~D~1~start~frame_tick_8~0~frame_tick#@$T~L~1140.5~696~0~#880000~~~~~~comment~D~1~start~frame_tick_9~0~frame_tick#@$T~L~108~8.5~0~#880000~~~~~~comment~1~1~start~frame_tick_10~0~frame_tick#@$T~L~108~804.5~0~#880000~~~~~~comment~1~1~start~frame_tick_11~0~frame_tick#@$T~L~304~8.5~0~#880000~~~~~~comment~2~1~start~frame_tick_12~0~frame_tick#@$T~L~304~804.5~0~#880000~~~~~~comment~2~1~start~frame_tick_13~0~frame_tick#@$T~L~500~8.5~0~#880000~~~~~~comment~3~1~start~frame_tick_14~0~frame_tick#@$T~L~500~804.5~0~#880000~~~~~~comment~3~1~start~frame_tick_15~0~frame_tick#@$T~L~696~8.5~0~#880000~~~~~~comment~4~1~start~frame_tick_16~0~frame_tick#@$T~L~696~804.5~0~#880000~~~~~~comment~4~1~start~frame_tick_17~0~frame_tick#@$T~L~892~8.5~0~#880000~~~~~~comment~5~1~start~frame_tick_18~0~frame_tick#@$T~L~892~804.5~0~#880000~~~~~~comment~5~1~start~frame_tick_19~0~frame_tick#@$R~10~10~~~1129~786~#880000~1~0~none~frame_innerbox_1~0~frame_innerbox#@$R~0~0~~~1149~806~#880000~1~0~none~frame_outbox_1~0~frame_outbox#@$R~739~716~~~400~80~#880000~1~0~none~frame_hitarea_1~0~frame_hitarea#@$PL~739 756 1139 756~#880000~1~0~none~gge150~0#@$PL~739 776 1139 776~#880000~1~0~none~gge151~0#@$PL~1059 716 1059 756~#880000~1~0~none~gge152~0#@$PL~1019 756 1019 776~#880000~1~0~none~gge153~0#@$PL~934 776 934 796~#880000~1~0~none~gge154~0#@$T~L~744~728~0~#880000~~8pt~~~~comment~TITLE:~1~start~gge155~0~pinpart#@$T~L~749~746~0~#0000FF~~10pt~~~~comment~LiPo Charge\/Protect\/Boost~1~start~frame_title_1~0~frame_title#@$T~L~1065~742~0~#880000~~8pt~~~~comment~REV:~1~start~gge158~0~pinpart#@$T~L~1096~743~0~#0000FF~~9pt~~~~comment~1.0~1~start~frame_version_1~0~frame_version#@$T~L~744~771~0~#880000~~8pt~~~~comment~Date:~1~start~gge161~0~pinpart#@$T~L~794~771~0~#0000FF~~9pt~~~~comment~2017-07-31~1~start~frame_date_1~0~frame_date#@$T~L~1024~771~0~#880000~~8pt~~~~comment~Sheet:~1~start~gge164~0~pinpart#@$T~L~1069~771~0~#0000FF~~9pt~~~~comment~1\/1~1~start~frame_sheet_1~0~frame_sheet#@$T~L~744~791~0~#880000~~8pt~~~~comment~EasyEDA V4.7.8~1~start~frame_product_1~0~frame_product#@$T~L~944~791~0~#880000~~8pt~~~~comment~Drawn By:~1~start~gge168~0~pinpart#@$T~L~1009~791~0~#0000FF~~9pt~~~~comment~GreatScott~1~start~frame_drawn_1~0~frame_drawn","LIB~530~340~package`SOT-23-6`BOM_Supplier`LCSC`BOM_Manufacturer`FORTUNE`BOM_Manufacturer Part`DW01+G`spicePre`U`BOM_Supplier Part`C14213`~~0~gge170~c9505f60178b4b09a38c43ffc0b7a6ef~~0~3e726fd876caf212#@$T~N~552.5~337~0~#000080~Arial~~~~~comment~FS312F-G~1~start~gge172~0~#@$T~P~553.5~328~0~#000080~Arial~~~~~comment~U1~1~start~gge174~0~#@$P~show~0~1~510~360~180~gge176~0^^510~360^^M 510 360 h 20~#880000^^1~532~363~0~OD~start~~~#0000FF^^1~525~359~0~1~end~~~#0000FF^^0~527~360^^0~M 530 363 L 533 360 L 530 357#@$P~show~0~2~510~380~180~gge183~0^^510~380^^M 510 380 h 20~#880000^^1~532~383~0~CS~start~~~#0000FF^^1~525~379~0~2~end~~~#0000FF^^0~527~380^^0~M 530 383 L 533 380 L 530 377#@$P~show~0~3~510~400~180~gge190~0^^510~400^^M 510 400 h 20~#880000^^1~532~403~0~OC~start~~~#0000FF^^1~525~399~0~3~end~~~#0000FF^^0~527~400^^0~M 530 403 L 533 400 L 530 397#@$P~show~0~4~610~400~0~gge197~0^^610~400^^M 610 400 h -20~#880000^^1~588~403~0~TD~end~~~#0000FF^^1~595~399~0~4~start~~~#0000FF^^0~593~400^^0~M 590 397 L 587 400 L 590 403#@$P~show~0~5~610~380~0~gge204~0^^610~380^^M 610 380 h -20~#880000^^1~588~383~0~VCC~end~~~#0000FF^^1~595~379~0~5~start~~~#0000FF^^0~593~380^^0~M 590 377 L 587 380 L 590 383#@$P~show~0~6~610~360~0~gge211~0^^610~360^^M 610 360 h -20~#880000^^1~588~363~0~GND~end~~~#0000FF^^1~595~359~0~6~start~~~#0000FF^^0~593~360^^0~M 590 357 L 587 360 L 590 363#@$R~530~340~~~60~80~#000000~1~0~none~gge218~0~","LIB~190~330~package`MICRO-USB-1`BOM_Supplier`LCSC`BOM_Manufacturer`LCSC`BOM_Manufacturer Part`MICRO USB 5S B`spicePre`U`BOM_Supplier Part`C10418`~~0~gge219~899742fced764dc897c6bd25296410e1~~0~f69312929d55ab82#@$T~N~110~308.684~0~#000080~Arial~~~~~comment~MICRO USB~1~start~gge221~0~#@$T~P~140~298.684~0~#000080~Arial~~~~~comment~USB1~1~start~gge223~0~#@$R~170~290~~~50~80~#880000~1~0~#EFEFEF~gge225~0~#@$P~show~1~5~240~350~0~gge226~0^^240~350^^M 240 350 h -20~#880000^^1~215~353~0~GND~end~~~#0000FF^^0~225~349~0~5~start~~~#0000FF^^0~223~350^^0~M 220 347 L 217 350 L 220 353#@$P~show~1~1~240~310~0~gge233~0^^240~310^^M 240 310 h -20~#880000^^1~215~313~0~VBUS~end~~~#0000FF^^0~225~309~0~1~start~~~#0000FF^^0~223~310^^0~M 220 307 L 217 310 L 220 313#@$P~show~1~2~240~320~0~gge240~0^^240~320^^M 240 320 h -20~#880000^^1~215~323~0~D-~end~~~#0000FF^^0~225~319~0~2~start~~~#0000FF^^0~223~320^^0~M 220 317 L 217 320 L 220 323#@$P~show~1~3~240~330~0~gge247~0^^240~330^^M 240 330 h -20~#880000^^1~217~333~0~D+~end~~~#0000FF^^0~225~329~0~3~start~~~#0000FF^^0~223~330^^0~M 220 327 L 217 330 L 220 333#@$P~show~1~4~240~340~0~gge254~0^^240~340^^M 240 340 h -20~#880000^^1~214~343~0~ID~end~~~#0000FF^^0~225~339~0~4~start~~~#0000FF^^0~223~340^^0~M 220 337 L 217 340 L 220 343#@$P~show~1~0~190~390~270~gge261~0^^190~390^^M 190 390 v -20~#880000^^1~193~365~270~MTN4~start~~~#0000FF^^0~189~375~270~0~end~~~#0000FF^^0~190~373^^0~M 193 370 L 190 367 L 187 370#@$P~show~1~0~180~390~270~gge268~0^^180~390^^M 180 390 v -20~#880000^^1~183~365~270~MTN3~start~~~#0000FF^^0~179~375~270~0~end~~~#0000FF^^0~180~373^^0~M 183 370 L 180 367 L 177 370#@$P~show~1~0~190~270~90~gge275~0^^190~270^^M 190 270 v 20~#880000^^1~193~295~270~MTN2~end~~~#0000FF^^0~189~285~270~0~start~~~#0000FF^^0~190~287^^0~M 187 290 L 190 293 L 193 290#@$P~show~1~0~180~270~90~gge282~0^^180~270^^M 180 270 v 20~#880000^^1~183~295~270~MTN1~end~~~#0000FF^^0~179~285~270~0~start~~~#0000FF^^0~180~287^^0~M 177 290 L 180 293 L 183 290","LIB~370~370~package`SOP-8_EP_150MIL`Contributor`Guest`BOM_Supplier`LCSC`BOM_Manufacturer`TOPPOWER`BOM_Manufacturer Part`TP4056`spicePre`U`BOM_Supplier Part`C16581`~~0~gge356~71fd3f31f7a3ef00a5e0ec6cf54d61e0~~0~e36e7966414767ec#@$T~N~362.5~287~0~#000080~Arial~~~~~comment~TP4056~1~start~gge358~0~#@$T~P~363.5~278~0~#000080~Arial~~~~~comment~U2~1~start~gge360~0~#@$R~330~290~2~2~80~140~#000000~1~0~none~gge362~0~#@$P~show~0~5~430~310~0~gge363~0^^430~310^^M 430 310 h -20~#880000^^1~408~313~0~BAT~end~~~#0000FF^^1~415~309~0~5~start~~~#0000FF^^0~413~310^^0~M 410 307 L 407 310 L 410 313#@$P~show~0~1~430~370~0~gge370~0^^430~370^^M 430 370 h -20~#880000^^1~408~373~0~TEMP~end~~~#0000FF^^1~415~369~0~1~start~~~#0000FF^^0~413~370^^0~M 410 367 L 407 370 L 410 373#@$P~show~0~2~430~400~0~gge377~0^^430~400^^M 430 400 h -20~#880000^^1~408~403~0~PROG~end~~~#0000FF^^1~415~399~0~2~start~~~#0000FF^^0~413~400^^0~M 410 397 L 407 400 L 410 403#@$P~show~0~3~370~450~270~gge384~0^^370~450^^M 370 450 v -20~#880000^^1~373~428~270~GND~start~~~#0000FF^^1~369~435~270~3~end~~~#0000FF^^0~370~433^^0~M 373 430 L 370 427 L 367 430#@$P~show~0~4~310~310~180~gge391~0^^310~310^^M 310 310 h 20~#880000^^1~332~313~0~VCC~start~~~#0000FF^^1~325~309~0~4~end~~~#0000FF^^0~327~310^^0~M 330 313 L 333 310 L 330 307#@$P~show~0~8~310~340~180~gge398~0^^310~340^^M 310 340 h 20~#880000^^1~332~343~0~CE~start~~~#0000FF^^1~325~339~0~8~end~~~#0000FF^^0~327~340^^0~M 330 343 L 333 340 L 330 337#@$P~show~0~7~310~370~180~gge405~0^^310~370^^M 310 370 h 20~#880000^^1~332~373~0~CHRG~start~~~#0000FF^^1~325~369~0~7~end~~~#0000FF^^0~327~370^^0~M 330 373 L 333 370 L 330 367#@$P~show~0~6~310~400~180~gge412~0^^310~400^^M 310 400 h 20~#880000^^1~332~403~0~STDBY~start~~~#0000FF^^1~325~399~0~6~end~~~#0000FF^^0~327~400^^0~M 330 403 L 333 400 L 330 397","W~740 330 740 320 760 320~#008800~1~0~none~gge680~0","F~part_netLabel_gnD~800~360~0~gge690~~0^^800~360^^GND~#000080~811~347~0~end~0~Times New Roman~9pt~flag_gge79^^PL~800 370 800 360~#000000~1~0~transparent~gge693~0^^PL~810 370 791 370~#000000~1~0~transparent~gge694~0^^PL~806 372 793 372~#000000~1~0~transparent~gge695~0^^PL~804 374 797 374~#000000~1~0~transparent~gge696~0^^PL~801 376 799 376~#000000~1~0~transparent~gge697~0","W~840 330 880 330 880 340~#008800~1~0~none~gge699~0","W~880 320 880 330~#008800~1~0~none~gge700~0","W~900 250 900 240 880 240 880 280~#008800~1~0~none~gge714~0","F~part_netLabel_gnD~900~290~0~gge725~~0^^900~290^^GND~#000080~911~277~0~end~0~Times New Roman~9pt~flag_gge80^^PL~900 300 900 290~#000000~1~0~transparent~gge728~0^^PL~910 300 891 300~#000000~1~0~transparent~gge729~0^^PL~906 302 893 302~#000000~1~0~transparent~gge730~0^^PL~904 304 897 304~#000000~1~0~transparent~gge731~0^^PL~901 306 899 306~#000000~1~0~transparent~gge732~0","LIB~920~240~package`HDR-1X1\/2.54`BOM_Supplier`LCSC`BOM_Manufacturer`LCSC`BOM_Manufacturer Part`Header-Male-2.54_1x1`spicePre`P`BOM_Supplier Part`C81276`~180~0~gge733~00ce14e502d271fec74fd74dca50c72e~~0~06e8ed7d48f785c3#@$T~N~934.707~232~0~#000080~Arial~~~~~comment~5V~0~end~gge735~0~#@$T~P~941.417~228.519~0~#000080~Arial~~~~~comment~5V~1~end~gge737~0~#@$R~930~235~~~20~10~#880000~1~0~#EFEFEF~gge739~0~#@$P~show~1~1~910~240~180~gge740~0^^910~240^^M 910 240 h 20~#000000^^1~935~243~0~1~start~~~#000000^^0~925~239~0~1~end~~~#000000^^0~927~240^^0~M 930 243 L 933 240 L 930 237","W~910 240 900 240~#008800~1~0~none~gge747~0","LIB~570~470~package`SOT-23-6`BOM_Supplier`LCSC`BOM_Manufacturer`FORTUNE`BOM_Manufacturer Part`FS8205`spicePre`Q`BOM_Supplier Part`C32254`~~0~gge749~c9505f60178b4b09a38c43ffc0b7a6ef~~0~fea01b0e10e6fe46#@$T~N~520~509.684~0~#000080~Arial~~~~~comment~FS8205~1~start~gge751~0~#@$T~P~520~498.684~0~#000080~Arial~~~~~comment~Q1~1~start~gge753~0~#@$PG~550 460 548 466 552 466~#880000~1~0~#FEFEFE~gge755~0#@$PG~552 480 547 477 547 483~#880000~1~0~#FEFEFE~gge756~0#@$PL~557 460 557 470 560 470 560 480 552 480~#880000~1~0~none~gge757~0#@$PL~550 460 550 470 540 470 540 480 547 480~#880000~1~0~none~gge758~0#@$PL~543 470 543 460~#880000~1~0~none~gge759~0#@$PL~559 458 541 458~#880000~1~0~none~gge760~0#@$PL~559 460 555 460~#880000~1~0~none~gge761~0#@$PL~548 460 552 460~#880000~1~0~none~gge762~0#@$PL~541 460 545 460~#880000~1~0~none~gge763~0#@$PL~550 450 550 458~#880000~1~0~none~gge764~0#@$PL~552 484 552 482 552 478 552 476~#880000~1~0~none~gge765~0#@$P~show~0~2~570~440~90~gge766~0^^570~440^^M 570 440 v 10~#880000^^0~573~453~270~D12~end~~~#0000FF^^0~569~449~270~2~start~~~#0000FF^^0~570~447^^0~M 567 450 L 570 453 L 573 450#@$P~show~0~6~550~440~90~gge773~0^^550~440^^M 550 440 v 10~#880000^^0~553~453~270~G1~end~~~#0000FF^^0~549~449~270~6~start~~~#0000FF^^0~550~447^^0~M 547 450 L 550 453 L 553 450#@$P~show~0~1~530~470~180~gge780~0^^530~470^^M 530 470 h 10~#880000^^0~543~473~0~S1~start~~~#0000FF^^0~539~469~0~1~end~~~#0000FF^^0~537~470^^0~M 540 473 L 543 470 L 540 467#@$PG~590 480 592 474 588 474~#880000~1~0~#FEFEFE~gge787~0#@$PG~588 460 593 463 593 457~#880000~1~0~#FEFEFE~gge788~0#@$PL~583 480 583 470 580 470 580 460 588 460~#880000~1~0~none~gge789~0#@$PL~590 480 590 470 600 470 600 460 593 460~#880000~1~0~none~gge790~0#@$PL~597 470 597 480~#880000~1~0~none~gge791~0#@$PL~581 482 599 482~#880000~1~0~none~gge792~0#@$PL~581 480 585 480~#880000~1~0~none~gge793~0#@$PL~592 480 588 480~#880000~1~0~none~gge794~0#@$PL~599 480 595 480~#880000~1~0~none~gge795~0#@$PL~590 490 590 482~#880000~1~0~none~gge796~0#@$PL~588 456 588 458 588 462 588 464~#880000~1~0~none~gge797~0#@$P~show~0~5~570~500~270~gge798~0^^570~500^^M 570 500 v -10~#880000^^0~573~487~270~D12~start~~~#0000FF^^0~569~491~270~5~end~~~#0000FF^^0~570~493^^0~M 573 490 L 570 487 L 567 490#@$P~show~0~4~590~500~270~gge805~0^^590~500^^M 590 500 v -10~#880000^^0~593~487~270~G2~start~~~#0000FF^^0~589~491~270~4~end~~~#0000FF^^0~590~493^^0~M 593 490 L 590 487 L 587 490#@$P~show~0~3~610~460~0~gge812~0^^610~460^^M 610 460 h -10~#880000^^0~597~463~0~S2~end~~~#0000FF^^0~601~459~0~3~start~~~#0000FF^^0~603~460^^0~M 600 457 L 597 460 L 600 463#@$PL~580 470 560 470~#880000~1~0~none~gge819~0#@$R~538~450~2~2~64~40~#880000~1~0~none~gge820~0~","F~part_netLabel_gnD~370~450~0~gge821~~0^^370~450^^GND~#000080~359~437~0~start~0~Times New Roman~9pt~flag_gge81^^PL~370 460 370 450~#000000~1~0~transparent~gge824~0^^PL~360 460 379 460~#000000~1~0~transparent~gge825~0^^PL~364 462 377 462~#000000~1~0~transparent~gge826~0^^PL~366 464 373 464~#000000~1~0~transparent~gge827~0^^PL~369 466 371 466~#000000~1~0~transparent~gge828~0","W~310 310 240 310~#008800~1~0~none~gge829~0","W~310 340 290 340 290 310~#008800~1~0~none~gge830~0","F~part_netLabel_gnD~250~360~0~gge832~~0^^250~360^^GND~#000080~239~347~0~start~0~Times New Roman~9pt~flag_gge82^^PL~250 370 250 360~#000000~1~0~transparent~gge835~0^^PL~240 370 259 370~#000000~1~0~transparent~gge836~0^^PL~244 372 257 372~#000000~1~0~transparent~gge837~0^^PL~246 374 253 374~#000000~1~0~transparent~gge838~0^^PL~249 376 251 376~#000000~1~0~transparent~gge839~0","W~240 350 250 350 250 360~#008800~1~0~none~gge840~0","F~part_netLabel_gnD~270~350~0~gge842~~0^^270~350^^GND~#000080~259~337~0~start~0~Times New Roman~9pt~flag_gge83^^PL~270 360 270 350~#000000~1~0~transparent~gge845~0^^PL~260 360 279 360~#000000~1~0~transparent~gge846~0^^PL~264 362 277 362~#000000~1~0~transparent~gge847~0^^PL~266 364 273 364~#000000~1~0~transparent~gge848~0^^PL~269 366 271 366~#000000~1~0~transparent~gge849~0","W~310 370 270 370 270 380~#008800~1~0~none~gge871~0","W~310 400 300 400 300 410~#008800~1~0~none~gge872~0","W~240 500 300 500 300 470 300 450~#008800~1~0~none~gge873~0","F~part_netLabel_Bar~270~300~0~gge874~~0^^270~310^^VBUS~#000080~261.5~283.5~0~start~0~Times New Roman~9pt~flag_gge84^^PT~M 270 300 v 10~#000000~1~0~none~gge877~0~^^E~270.125~297.5~3~3~#000000~1~0~#EFEFEF~gge878~0","F~part_netLabel_Bar~230~440~0~gge881~~0^^230~450^^VBUS~#000080~-426.5~2448.5~0~start~0~Times New Roman~9pt~flag_gge85^^PT~M 230 440 v 10~#000000~1~0~none~gge884~0~^^E~230.125~437.5~3~3~#000000~1~0~#EFEFEF~gge885~0","F~part_netLabel_gnD~440~380~0~gge888~~0^^440~380^^GND~#000080~429~367~0~start~0~Times New Roman~9pt~flag_gge86^^PL~440 390 440 380~#000000~1~0~transparent~gge891~0^^PL~430 390 449 390~#000000~1~0~transparent~gge892~0^^PL~434 392 447 392~#000000~1~0~transparent~gge893~0^^PL~436 394 443 394~#000000~1~0~transparent~gge894~0^^PL~439 396 441 396~#000000~1~0~transparent~gge895~0","W~430 370 440 370 440 380~#008800~1~0~none~gge896~0","F~part_netLabel_gnD~440~450~0~gge918~~0^^440~450^^GND~#000080~429~437~0~start~0~Times New Roman~9pt~flag_gge87^^PL~440 460 440 450~#000000~1~0~transparent~gge921~0^^PL~430 460 449 460~#000000~1~0~transparent~gge922~0^^PL~434 462 447 462~#000000~1~0~transparent~gge923~0^^PL~436 464 443 464~#000000~1~0~transparent~gge924~0^^PL~439 466 441 466~#000000~1~0~transparent~gge925~0","W~430 400 440 400 440 410~#008800~1~0~none~gge926~0","LIB~470~310~package`HDR-1X1\/2.54`BOM_Supplier`LCSC`BOM_Manufacturer`LCSC`BOM_Manufacturer Part`Header-Male-2.54_1x1`spicePre`P`BOM_Supplier Part`C81276`~~0~gge927~00ce14e502d271fec74fd74dca50c72e~~0~2174e290818e01ca#@$T~N~472.214~302~0~#000080~Arial~~~~~comment~BAT+~0~start~gge929~0~#@$T~P~480~298.684~0~#000080~Arial~~~~~comment~BAT+~1~start~gge931~0~#@$R~480~305~~~20~10~#880000~1~0~#EFEFEF~gge933~0~#@$P~show~1~1~460~310~180~gge934~0^^460~310^^M 460 310 h 20~#000000^^1~485~313~0~1~start~~~#000000^^0~475~309~0~1~end~~~#000000^^0~477~310^^0~M 480 313 L 483 310 L 480 307","W~430 310 460 310~#008800~1~0~none~gge941~0","LIB~440~330~package`0603`nameAlias`Value(\u03a9)`BOM_Manufacturer Part`?`spicePre`R`spiceSymbolName`Resistor`~90~0~gge942~37f403b8f2c64219a86a53bf250027c8~~0~646183f8dc63c137#@$T~N~446~342.395~0~#000080~Arial~~~~~comment~100~1~start~gge944~0~#@$T~P~446~333.289~0~#000080~Arial~~~~~comment~R6~1~start~gge946~0~#@$R~436~320~~~8~20~#A00000~1~0~none~gge948~0~#@$P~show~0~2~420~350~90~gge949~0^^440~310^^M 440 320 v -10~#800^^0~440~324~270~2~end~~~#800^^0~436~316~270~2~start~~~#800^^0~420~337^^0~M 417 340 L 420 343 L 423 340#@$P~show~0~1~420~350~270~gge956~0^^440~350^^M 440 340 v 10~#800^^0~440~336~270~1~start~~~#800^^0~436~344~270~1~end~~~#800^^0~420~363^^0~M 423 360 L 420 357 L 417 360","W~630 360 610 360~#008800~1~0~none~gge994~0","W~610 380 670 380 670 360 670 360 670 310 510 310 510 350 440 350~#008800~1~0~none~gge995~0","LIB~680~400~package`HDR-1X1\/2.54`BOM_Supplier`LCSC`BOM_Manufacturer`LCSC`BOM_Manufacturer Part`Header-Male-2.54_1x1`spicePre`P`BOM_Supplier Part`C81276`~~0~gge997~00ce14e502d271fec74fd74dca50c72e~~0~4cc81003289aeb84#@$T~N~682.214~392~0~#000080~Arial~~~~~comment~BAT-~0~start~gge999~0~#@$T~P~690~388.519~0~#000080~Arial~~~~~comment~BAT-~1~start~gge1001~0~#@$R~690~395~~~20~10~#880000~1~0~#EFEFEF~gge1003~0~#@$P~show~1~1~670~400~180~gge1004~0^^670~400^^M 670 400 h 20~#000000^^1~695~403~0~1~start~~~#000000^^0~685~399~0~1~end~~~#000000^^0~687~400^^0~M 690 403 L 693 400 L 690 397","W~620 360 620 400 620 460 610 460~#008800~1~0~none~gge1015~0","F~part_netLabel_gnD~510~480~0~gge1017~~0^^510~480^^GND~#000080~499~467~0~start~0~Times New Roman~9pt~flag_gge88^^PL~510 490 510 480~#000000~1~0~transparent~gge1020~0^^PL~500 490 519 490~#000000~1~0~transparent~gge1021~0^^PL~504 492 517 492~#000000~1~0~transparent~gge1022~0^^PL~506 494 513 494~#000000~1~0~transparent~gge1023~0^^PL~509 496 511 496~#000000~1~0~transparent~gge1024~0","W~530 470 510 470 510 480~#008800~1~0~none~gge1025~0","W~510 400 510 430 550 430 550 440~#008800~1~0~none~gge1027~0","W~510 360 480 360 480 520 590 520 590 500~#008800~1~0~none~gge1029~0","W~510 380 490 380 490 390~#008800~1~0~none~gge1051~0","F~part_netLabel_gnD~500~450~0~gge1052~~0^^500~450^^GND~#000080~489~437~0~start~0~Times New Roman~9pt~flag_gge89^^PL~500 460 500 450~#000000~1~0~transparent~gge1055~0^^PL~490 460 509 460~#000000~1~0~transparent~gge1056~0^^PL~494 462 507 462~#000000~1~0~transparent~gge1057~0^^PL~496 464 503 464~#000000~1~0~transparent~gge1058~0^^PL~499 466 501 466~#000000~1~0~transparent~gge1059~0","W~490 430 490 440 500 440 500 450~#008800~1~0~none~gge1060~0","W~680 280 680 320 690 320~#008800~1~0~none~gge1061~0","W~740 320 690 320~#008800~1~0~none~gge1063~0","F~part_netLabel_gnD~880~380~0~gge1071~~0^^880~380^^GND~#000080~891~367~0~end~0~Times New Roman~9pt~flag_gge90^^PL~880 390 880 380~#000000~1~0~transparent~gge1074~0^^PL~890 390 871 390~#000000~1~0~transparent~gge1075~0^^PL~886 392 873 392~#000000~1~0~transparent~gge1076~0^^PL~884 394 877 394~#000000~1~0~transparent~gge1077~0^^PL~881 396 879 396~#000000~1~0~transparent~gge1078~0","LIB~920~330~package`HDR-1X1\/2.54`BOM_Supplier`LCSC`BOM_Manufacturer`LCSC`BOM_Manufacturer Part`Header-Male-2.54_1x1`spicePre`P`BOM_Supplier Part`C81276`~~0~gge1079~00ce14e502d271fec74fd74dca50c72e~~0~d9836466f3e6d7b3#@$T~N~923.292~322~0~#000080~Arial~~~~~comment~GND~0~start~gge1081~0~#@$T~P~930~318.519~0~#000080~Arial~~~~~comment~GND~1~start~gge1083~0~#@$R~930~325~~~20~10~#880000~1~0~#EFEFEF~gge1085~0~#@$P~show~1~1~910~330~180~gge1086~0^^910~330^^M 910 330 h 20~#000000^^1~935~333~0~1~start~~~#000000^^0~925~329~0~1~end~~~#000000^^0~927~330^^0~M 930 333 L 933 330 L 930 327","F~part_netLabel_gnD~900~340~0~gge1093~~0^^900~340^^GND~#000080~911~327~0~end~0~Times New Roman~9pt~flag_gge91^^PL~900 350 900 340~#000000~1~0~transparent~gge1096~0^^PL~910 350 891 350~#000000~1~0~transparent~gge1097~0^^PL~906 352 893 352~#000000~1~0~transparent~gge1098~0^^PL~904 354 897 354~#000000~1~0~transparent~gge1099~0^^PL~901 356 899 356~#000000~1~0~transparent~gge1100~0","W~910 330 900 330 900 340~#008800~1~0~none~gge1101~0","W~670 400 620 400~#008800~1~0~none~gge1109~0","W~660 280 660 300 510 300 510 280 440 280 440 310~#008800~1~0~none~gge1114~0","LIB~810~300~package`SOT-23-6`BOM_Supplier`LCSC`BOM_Manufacturer`LCSC`BOM_Manufacturer Part`MT3608`spicePre`U`BOM_Supplier Part`C84817`~~0~gge1117~c9505f60178b4b09a38c43ffc0b7a6ef~~0~da506cf266802913#@$T~N~805.967~295~0~#000080~Arial~~~~~comment~MT3608~1~end~gge1119~0~#@$T~P~781.932~288.519~0~#000080~Arial~~~~~comment~U4~1~end~gge1121~0~#@$E~825~303~1.5~1.5~#880000~1~0~#880000~gge1123~0#@$R~770~298~2~2~60~44~#880000~1~0~none~gge1124~0~#@$E~825~303~1.5~1.5~#880000~1~0~#880000~gge1125~0#@$P~show~0~1~840~310~0~gge1126~0^^840~310^^M 840 310 h -10~#880000^^1~826.3~314~0~SW~end~~~#0000FF^^1~830.5~309~0~1~start~~~#0000FF^^0~833~310^^0~M 830 307 L 827 310 L 830 313#@$P~show~0~2~840~320~0~gge1133~0^^840~320^^M 840 320 h -10~#000000^^1~826.3~324~0~GND~end~~~#000000^^1~830.5~319~0~2~start~~~#000000^^0~833~320^^0~M 830 317 L 827 320 L 830 323#@$P~show~0~3~840~330~0~gge1140~0^^840~330^^M 840 330 h -10~#880000^^1~826.3~334~0~FB~end~~~#0000FF^^1~830.5~329~0~3~start~~~#0000FF^^0~833~330^^0~M 830 327 L 827 330 L 830 333#@$P~show~0~4~760~330~180~gge1147~0^^760~330^^M 760 330 h 10~#880000^^1~773.7~334~0~EN~start~~~#0000FF^^1~769.5~329~0~4~end~~~#0000FF^^0~767~330^^0~M 770 333 L 773 330 L 770 327#@$P~show~0~5~760~320~180~gge1154~0^^760~320^^M 760 320 h 10~#880000^^1~773.7~324~0~IN~start~~~#0000FF^^1~769.5~319~0~5~end~~~#0000FF^^0~767~320^^0~M 770 323 L 773 320 L 770 317#@$P~show~0~6~760~310~180~gge1161~0^^760~310^^M 760 310 h 10~#880000^^1~773.7~314~0~NC~start~~~#0000FF^^1~769.5~309~0~6~end~~~#0000FF^^0~767~310^^0~M 770 313 L 773 310 L 770 307","LIB~850~240~package`SMA(DO-214AC)`BOM_Supplier`LCSC`BOM_Manufacturer Part`SS34`spicePre`D`BOM_Supplier Part`C8678`~~0~gge1193~ed2608fb878c01f3500a9ec0a517fd5d~~0~969efc7482906f28#@$T~N~844.034~229~0~#000080~Arial~~~~~comment~SS34~1~start~gge1195~0~#@$T~P~844.034~219.778~0~#000080~Arial~~~~~comment~D1~1~start~gge1197~0~#@$P~show~0~1~830~240~180~gge1199~0^^830~240^^M 830 240 h 15~#880000^^0~848~243~0~A~start~~~#0000FF^^0~839~239~0~1~end~~~#0000FF^^0~842~240^^0~M 845 243 L 848 240 L 845 237#@$P~show~0~2~870~240~0~gge1206~0^^870~240^^M 870 240 h -15~#880000^^0~852~243~0~K~end~~~#0000FF^^0~861~239~0~2~start~~~#0000FF^^0~858~240^^0~M 855 237 L 852 240 L 855 243#@$PL~858 246 858 247 856 247 856 232 854 232 854 233~#880000~1~0~none~gge1213~0#@$PT~M 845 246 L 855 240 L 845 233 Z ~#880000~1~0~#880000~gge1214~0~","W~740 370 780 370 780 360 850 360 850 320 840 320~#008800~1~0~none~gge1215~0","W~870 240 880 240~#008800~1~0~none~gge1217~0","W~810 240 830 240~#008800~1~0~none~gge1219~0","W~770 240 740 240 740 320~#008800~1~0~none~gge1220~0","W~760 330 750 330 750 320~#008800~1~0~none~gge1222~0","W~840 310 850 310 850 280 820 280 820 240~#008800~1~0~none~gge1224~0","LIB~680~260~package`SW-TH_3PIN_SK12D07VG4`BOM_Supplier`LCSC`BOM_Supplier Part`C393937`BOM_Manufacturer`SHOU HAN`BOM_Manufacturer Part`SK12D07VG4`Contributor`LCSC`spicePre`S`~~0~gge1410~8f5982e9f5d64f9faca8b8fb9bf7e120~0a84343285e34abd80018d7675eb84f5~0~a315c4b070ec8f63#@$T~N~669.890625~236.984375~0~#000080~Arial~~~~~comment~SK12D07VG4~1~start~gge1412~0~#@$T~P~669.890625~227.890625~0~#000080~Arial~~~~~comment~SW2~1~start~gge1414~0~#@$E~660~260~2~2~#880000~1~0~none~gge1416~0#@$E~680~260~2~2~#880000~1~0~none~gge1417~0#@$E~700~260~2~2~#880000~1~0~none~gge1418~0#@$PL~660 258 660 250 680 250 680 258 681 254~#880000~1~0~none~gge1419~0#@$PL~680 258 679 254~#880000~1~0~none~gge1420~0#@$PL~660 258 661 254 661 254~#880000~1~0~none~gge1421~0#@$PL~660 258 659 254~#880000~1~0~none~gge1422~0#@$PL~680 250 680 248~#880000~1~0~none~gge1423~0#@$PL~680 246 680 244 682 244~#880000~1~0~none~gge1424~0#@$PL~683 244 686 244~#880000~1~0~none~gge1425~0#@$PL~687 244 690 244~#880000~1~0~none~gge1426~0#@$PL~691 244 694 244~#880000~1~0~none~gge1427~0#@$PL~695 244 698 244~#880000~1~0~none~gge1428~0#@$PL~699 244 700 244 700 247~#880000~1~0~none~gge1429~0#@$PL~700 249 700 251~#880000~1~0~none~gge1430~0#@$PL~700 252 700 254~#880000~1~0~none~gge1431~0#@$PL~700 255 700 258 701 254~#880000~1~0~none~gge1432~0#@$PL~700 258 699 254~#880000~1~0~none~gge1433~0#@$P~show~0~1~660~280~270~gge1434~0^^660~280^^M 660 280 v -20~#880000^^0~663~258~270~1~start~~~#0000FF^^1~659~265~270~1~end~~~#0000FF^^0~660~263^^0~M 663 260 L 660 257 L 657 260#@$P~show~0~2~680~280~270~gge1441~0^^680~280^^M 680 280 v -20~#880000^^0~683~258~270~2~start~~~#0000FF^^1~679~265~270~2~end~~~#0000FF^^0~680~263^^0~M 683 260 L 680 257 L 677 260#@$P~show~0~3~700~280~270~gge1448~0^^700~280^^M 700 280 v -20~#880000^^0~703~258~270~3~start~~~#0000FF^^1~699~265~270~3~end~~~#0000FF^^0~700~263^^0~M 703 260 L 700 257 L 697 260#@$P~show~0~4~710~280~270~gge1455~0^^710~280^^M 710 280 v -20~#880000^^0~713~258~270~4~start~~~#0000FF^^1~709~265~270~4~end~~~#0000FF^^0~710~263^^0~M 713 260 L 710 257 L 707 260#@$P~show~0~5~650~280~270~gge1462~0^^650~280^^M 650 280 v -20~#880000^^0~653~258~270~5~start~~~#0000FF^^1~649~265~270~5~end~~~#0000FF^^0~650~263^^0~M 653 260 L 650 257 L 647 260#@$PL~650 260 650 240 710 240 710 260~#880000~1~0~none~gge1469~0","W~220 500 190 500 190 430 270 430 270 420~#008800~1~0~none~gge1551~0","LIB~230~480~package`15-22_SMD_LED`BOM_Supplier`LCSC`BOM_Manufacturer`EVERLIGHT`BOM_Manufacturer Part`15-22SURSYGC\/S530-A2\/TR8`Contributor`LCSC`BOM_Supplier Part`C131251`spicePre`L`~90~0~gge2338~dd8c904711164141abb536279b4e8611~4723abaaaf874d7797c263c147c81e58~0~52d72fd9250f66de#@$T~N~259~492.1875~0~#000080~Arial~~~~~comment~15-22SURSYGC\/S530-A2\/TR8_colour_idents~1~start~gge2340~0~#@$T~P~259~483.3515625~0~#000080~Arial~~~~~comment~LED1~1~start~gge2342~0~#@$PT~M 207 495 L 209 491 L 211 493 Z ~#FF0000~1~0~#FF0000~gge2344~0~#@$PT~M 203 491 L 205 487 L 207 489 Z ~#FF0000~1~0~#FF0000~gge2345~0~#@$P~show~0~2~220~500~270~gge2346~0^^220~500^^M 220 500 v -15~#800000^^0~220~481~270~K~start~~~#800000^^0~216~489~270~2~end~~~#800000^^0~220~488^^0~M 223 485 L 220 482 L 217 485#@$PL~214 488 207 495~#FF0000~1~0~none~gge2353~0#@$PL~210 484 203 491~#FF0000~1~0~none~gge2354~0#@$P~show~0~1~220~460~90~gge2355~0^^220~460^^M 220 460 v 15~#800000^^0~220~479~270~A~end~~~#800000^^0~216~471~270~1~start~~~#800000^^0~220~472^^0~M 217 475 L 220 478 L 223 475#@$PL~212 485 228 485~#800000~1~0~none~gge2362~0#@$PT~M 226 475 L 220 485 L 213 475 Z ~#800000~1~0~#FF0000~gge2363~0~#@$PT~M 257 491 L 253 489 L 255 487 Z ~#99FF00~1~0~#99FF00~gge2364~0~#@$PT~M 253 495 L 249 493 L 251 491 Z ~#99FF00~1~0~#99FF00~gge2365~0~#@$P~show~0~4~240~500~270~gge2366~0^^240~500^^M 240 500 v -15~#800000^^0~240~481~270~K~start~~~#800000^^0~236~489~270~4~end~~~#800000^^0~240~488^^0~M 243 485 L 240 482 L 237 485#@$PL~250 484 257 491~#99FF00~1~0~none~gge2373~0#@$PL~246 488 253 495~#99FF00~1~0~none~gge2374~0#@$P~show~0~3~240~460~90~gge2375~0^^240~460^^M 240 460 v 15~#800000^^0~240~479~270~A~end~~~#800000^^0~236~471~270~3~start~~~#800000^^0~240~472^^0~M 237 475 L 240 478 L 243 475#@$PL~232 485 248 485~#800000~1~0~none~gge2382~0#@$PT~M 246 475 L 240 485 L 233 475 Z ~#800000~1~0~#99FF00~gge2383~0~","W~230 450 230 460 220 460~#008800~1~0~none~gge2431~0","W~240 460 230 460~#008800~1~0~none~gge2432~0","LIB~270~400~package`0603`BOM_Supplier`LCSC`BOM_Manufacturer`LIZ`BOM_Manufacturer Part`CR0603JA0102G`nameAlias`Resistance (Ohms)`BOM_Supplier Part`C101253`spicePre`R`spiceSymbolName`CR0603JA0102G`~90~0~gge2456~a29ba53807cf43cab02f2f8a6393998d~757d393fff254fda808569b293c88799~0~1d330d43ec54655e#@$T~N~276~412.25~0~#000080~Arial~~~~~comment~1K~1~start~gge2458~0~#@$T~P~276.0078125~403.1640625~0~#000080~Arial~~~~~comment~R4~1~start~gge2460~0~#@$P~show~1~2~270~380~90~gge2462~0^^270~380^^M 270 380 v 10~#000000^^0~273~395~270~2~end~~~#000000^^0~269~385~270~2~start~~~#000000^^0~270~387^^0~M 267 390 L 270 393 L 273 390#@$P~show~1~1~270~420~270~gge2469~0^^270~420^^M 270 420 v -10~#000000^^0~273~405~270~1~start~~~#000000^^0~269~415~270~1~end~~~#000000^^0~270~413^^0~M 273 410 L 270 407 L 267 410#@$R~266~390~~~8~20~#880000~1~0~none~gge2476~0~","LIB~300~430~package`0603`BOM_Supplier`LCSC`BOM_Manufacturer`LIZ`BOM_Manufacturer Part`CR0603JA0102G`nameAlias`Resistance (Ohms)`BOM_Supplier Part`C101253`spicePre`R`spiceSymbolName`CR0603JA0102G`~90~0~gge2478~a29ba53807cf43cab02f2f8a6393998d~757d393fff254fda808569b293c88799~0~05bd1ea570fcb3fe#@$T~N~306~442.25~0~#000080~Arial~~~~~comment~1K~1~start~gge2480~0~#@$T~P~306.0078125~433.1484375~0~#000080~Arial~~~~~comment~R1~1~start~gge2482~0~#@$P~show~1~2~300~410~90~gge2484~0^^300~410^^M 300 410 v 10~#000000^^0~303~425~270~2~end~~~#000000^^0~299~415~270~2~start~~~#000000^^0~300~417^^0~M 297 420 L 300 423 L 303 420#@$P~show~1~1~300~450~270~gge2491~0^^300~450^^M 300 450 v -10~#000000^^0~303~435~270~1~start~~~#000000^^0~299~445~270~1~end~~~#000000^^0~300~443^^0~M 303 440 L 300 437 L 297 440#@$R~296~420~~~8~20~#880000~1~0~none~gge2498~0~","LIB~880~360~package`0603`BOM_Supplier`LCSC`BOM_Manufacturer`LIZ`BOM_Manufacturer Part`CR0603JA0102G`nameAlias`Resistance (Ohms)`BOM_Supplier Part`C101253`spicePre`R`spiceSymbolName`CR0603JA0102G`~90~0~gge2500~a29ba53807cf43cab02f2f8a6393998d~757d393fff254fda808569b293c88799~0~f5f2e95089c41ec1#@$T~N~886~372.25~0~#000080~Arial~~~~~comment~1K~1~start~gge2502~0~#@$T~P~886.0078125~363.1484375~0~#000080~Arial~~~~~comment~R3~1~start~gge2504~0~#@$P~show~1~2~880~340~90~gge2506~0^^880~340^^M 880 340 v 10~#000000^^0~883~355~270~2~end~~~#000000^^0~879~345~270~2~start~~~#000000^^0~880~347^^0~M 877 350 L 880 353 L 883 350#@$P~show~1~1~880~380~270~gge2513~0^^880~380^^M 880 380 v -10~#000000^^0~883~365~270~1~start~~~#000000^^0~879~375~270~1~end~~~#000000^^0~880~373^^0~M 883 370 L 880 367 L 877 370#@$R~876~350~~~8~20~#880000~1~0~none~gge2520~0~","LIB~740~350~package`0603`BOM_Supplier`LCSC`BOM_Manufacturer`SAMSUNG`BOM_Manufacturer Part`CL10A226MQ8NRNC`nameAlias`Capacitance`BOM_LCSC Assembly`Yes`BOM_Supplier Part`C59461`SMT Type`Basic`spicePre`C`spiceSymbolName`CL10A226MQ8NRNC`~90~0~gge2568~a29ba53807cf43cab02f2f8a6393998d~b1d30d497d224ba09bec7e2c6ad65229~0~12895ddf3dbd4e58#@$T~N~750~362.1875~0~#000080~Arial~~~~~comment~22uF~1~start~gge2570~0~#@$T~P~750.0078125~353.3515625~0~#000080~Arial~~~~~comment~C5~1~start~gge2572~0~#@$PL~748 352 732 352~#A00000~1~0~none~gge2574~0#@$P~show~0~1~740~370~270~gge2575~0^^740~370^^M 740 360 v 10~#800^^0~740~356~270~1~start~~~#800^^0~736~364~270~1~end~~~#800^^0~740~383^^0~M 743 380 L 740 377 L 737 380#@$PL~740 340 740 348~#A00000~1~0~none~gge2582~0#@$PL~732 348 748 348~#A00000~1~0~none~gge2583~0#@$P~show~0~2~740~330~90~gge2584~0^^740~330^^M 740 340 v -10~#800^^0~740~344~270~2~end~~~#800^^0~736~336~270~2~start~~~#800^^0~740~317^^0~M 737 320 L 740 323 L 743 320#@$PL~740 352 740 360~#A00000~1~0~none~gge2591~0","LIB~900~270~package`0603`BOM_Supplier`LCSC`BOM_Manufacturer`SAMSUNG`BOM_Manufacturer Part`CL10A226MQ8NRNC`nameAlias`Capacitance`BOM_LCSC Assembly`Yes`BOM_Supplier Part`C59461`SMT Type`Basic`spicePre`C`spiceSymbolName`CL10A226MQ8NRNC`~90~0~gge2593~a29ba53807cf43cab02f2f8a6393998d~b1d30d497d224ba09bec7e2c6ad65229~0~5806a8b44fca1e67#@$T~N~910~282.1875~0~#000080~Arial~~~~~comment~22uF~1~start~gge2595~0~#@$T~P~910.0078125~273.3515625~0~#000080~Arial~~~~~comment~C2~1~start~gge2597~0~#@$PL~908 272 892 272~#A00000~1~0~none~gge2599~0#@$P~show~0~1~900~290~270~gge2600~0^^900~290^^M 900 280 v 10~#800^^0~900~276~270~1~start~~~#800^^0~896~284~270~1~end~~~#800^^0~900~303^^0~M 903 300 L 900 297 L 897 300#@$PL~900 260 900 268~#A00000~1~0~none~gge2607~0#@$PL~892 268 908 268~#A00000~1~0~none~gge2608~0#@$P~show~0~2~900~250~90~gge2609~0^^900~250^^M 900 260 v -10~#800^^0~900~264~270~2~end~~~#800^^0~896~256~270~2~start~~~#800^^0~900~237^^0~M 897 240 L 900 243 L 903 240#@$PL~900 272 900 280~#A00000~1~0~none~gge2616~0","LIB~270~330~package`0603`BOM_Supplier`LCSC`BOM_Manufacturer`SAMSUNG`BOM_Manufacturer Part`CL10A106MQ8NNNC`nameAlias`Capacitance`BOM_Supplier Part`C1691`spicePre`C`spiceSymbolName`CL10A106MQ8NNNC`~90~0~gge2669~a29ba53807cf43cab02f2f8a6393998d~3b6654f52e8f4e32b1ed9f858d357e92~0~ee8b51bf49935311#@$T~N~280~342.28125~0~#000080~Arial~~~~~comment~10uF~1~start~gge2671~0~#@$T~P~280.0078125~333.2578125~0~#000080~Arial~~~~~comment~C3~1~start~gge2673~0~#@$PL~278 332 262 332~#A00000~1~0~none~gge2675~0#@$P~show~0~1~270~350~270~gge2676~0^^270~350^^M 270 340 v 10~#800^^0~270~336~270~1~start~~~#800^^0~266~344~270~1~end~~~#800^^0~270~363^^0~M 273 360 L 270 357 L 267 360#@$PL~270 320 270 328~#A00000~1~0~none~gge2683~0#@$PL~262 328 278 328~#A00000~1~0~none~gge2684~0#@$P~show~0~2~270~310~90~gge2685~0^^270~310^^M 270 320 v -10~#800^^0~270~324~270~2~end~~~#800^^0~266~316~270~2~start~~~#800^^0~270~297^^0~M 267 300 L 270 303 L 273 300#@$PL~270 332 270 340~#A00000~1~0~none~gge2692~0","LIB~880~300~package`0603`BOM_Supplier`LCSC`BOM_Manufacturer`UniOhm`BOM_Manufacturer Part`0603WAJ0752T5E`nameAlias`Resistance (Ohms)`BOM_Supplier Part`C26006`spicePre`R`spiceSymbolName`0603WAJ0752T5E`~90~0~gge2741~a29ba53807cf43cab02f2f8a6393998d~3c2007402061d96a4e10418b281e6f31~0~56fd7c1e4d8bc55a#@$T~N~886~312.28125~0~#000080~Arial~~~~~comment~7.5K~1~start~gge2743~0~#@$T~P~886.0078125~303.2578125~0~#000080~Arial~~~~~comment~R2~1~start~gge2745~0~#@$P~show~1~2~880~280~90~gge2747~0^^880~280^^M 880 280 v 10~#000000^^0~883~295~270~2~end~~~#000000^^0~879~285~270~2~start~~~#000000^^0~880~287^^0~M 877 290 L 880 293 L 883 290#@$P~show~1~1~880~320~270~gge2754~0^^880~320^^M 880 320 v -10~#000000^^0~883~305~270~1~start~~~#000000^^0~879~315~270~1~end~~~#000000^^0~880~313^^0~M 883 310 L 880 307 L 877 310#@$R~876~290~~~8~20~#880000~1~0~none~gge2761~0~","LIB~440~430~package`0603`BOM_Supplier`LCSC`BOM_Manufacturer`FH`BOM_Manufacturer Part`RS-03K202JT`nameAlias`Resistance (Ohms)`BOM_Supplier Part`C72817`spicePre`R`spiceSymbolName`RS-03K202JT`~90~0~gge2805~a29ba53807cf43cab02f2f8a6393998d~90fe6f17ded445cdae8243b2d7695dcf~0~4f44337154e17d6e#@$T~N~446~442.28125~0~#000080~Arial~~~~~comment~2K~1~start~gge2807~0~#@$T~P~446.0078125~433.2578125~0~#000080~Arial~~~~~comment~R5~1~start~gge2809~0~#@$P~show~1~2~440~410~90~gge2811~0^^440~410^^M 440 410 v 10~#000000^^0~443~425~270~2~end~~~#000000^^0~439~415~270~2~start~~~#000000^^0~440~417^^0~M 437 420 L 440 423 L 443 420#@$P~show~1~1~440~450~270~gge2818~0^^440~450^^M 440 450 v -10~#000000^^0~443~435~270~1~start~~~#000000^^0~439~445~270~1~end~~~#000000^^0~440~443^^0~M 443 440 L 440 437 L 437 440#@$R~436~420~~~8~20~#880000~1~0~none~gge2825~0~","LIB~490~410~package`0603`BOM_Supplier`LCSC`BOM_Manufacturer`FH`BOM_Manufacturer Part`RS-03K202JT`nameAlias`Resistance (Ohms)`BOM_Supplier Part`C72817`spicePre`R`spiceSymbolName`RS-03K202JT`~90~0~gge2827~a29ba53807cf43cab02f2f8a6393998d~90fe6f17ded445cdae8243b2d7695dcf~0~ed9dfc0e81211b42#@$T~N~496~422.28125~0~#000080~Arial~~~~~comment~2K~1~start~gge2829~0~#@$T~P~496.0078125~413.2421875~0~#000080~Arial~~~~~comment~R7~1~start~gge2831~0~#@$P~show~1~2~490~390~90~gge2833~0^^490~390^^M 490 390 v 10~#000000^^0~493~405~270~2~end~~~#000000^^0~489~395~270~2~start~~~#000000^^0~490~397^^0~M 487 400 L 490 403 L 493 400#@$P~show~1~1~490~430~270~gge2840~0^^490~430^^M 490 430 v -10~#000000^^0~493~415~270~1~start~~~#000000^^0~489~425~270~1~end~~~#000000^^0~490~423^^0~M 493 420 L 490 417 L 487 420#@$R~486~400~~~8~20~#880000~1~0~none~gge2847~0~","LIB~650~360~package`0402`BOM_Supplier`LCSC`BOM_Manufacturer Part`CL05B104KO5NNNC`BOM_Manufacturer`SAMSUNG`nameAlias`Capacitance`BOM_LCSC Assembly`Yes`BOM_Supplier Part`C1525`SMT Type`Basic`spicePre`C`spiceSymbolName`CL05B104KO5NNNC`~~0~gge2895~405bb71866794ab59459d3b2854a4d33~ca94110f4544769d36adda4b0515e409~0~a4013419137c6000#@$T~N~639.046875~349~0~#000080~Arial~~~~~comment~100nF~1~start~gge2897~0~#@$T~P~639.0390625~339.890625~0~#000080~Arial~~~~~comment~C4~1~start~gge2899~0~#@$PL~643 352 643 368~#880000~1~0~none~gge2901~0#@$PL~647 352 647 368~#880000~1~0~none~gge2902~0#@$P~show~1~1~630~360~180~gge2903~0^^630~360^^M 630 360 h 10~#000000^^0~645~363~0~1~start~~~#000000^^0~635~359~0~1~end~~~#000000^^0~637~360^^0~M 640 363 L 643 360 L 640 357#@$P~show~1~2~660~360~0~gge2910~0^^660~360^^M 660 360 h -10~#000000^^0~645~363~0~2~end~~~#000000^^0~655~359~0~2~start~~~#000000^^0~653~360^^0~M 650 357 L 647 360 L 650 363#@$PL~640 360 643 360~#880000~1~0~none~gge2917~0#@$PL~647 360 650 360~#880000~1~0~none~gge2918~0","W~660 360 670 360~#008800~1~0~none~gge2944~0","LIB~790~240~package`0603`BOM_Supplier`LCSC`BOM_Supplier Part`C361669`BOM_Manufacturer`Guangdong Fenghua Advanced Tech`BOM_Manufacturer Part`CMI160808J220KT`nameAlias`Inductance`Contributor`LCSC`spicePre`L`spiceSymbolName`CMI160808J220KT`~~0~gge2970~a29ba53807cf43cab02f2f8a6393998d~1ff01889776248598691d28e75664279~0~2e4021b6de424d2b#@$T~N~784.8125~232.640625~0~#000080~Arial~~~~~comment~22uH~1~start~gge2972~0~#@$T~P~784.8125~223.56~0~#000080~Arial~~~~~comment~L2~1~start~gge2974~0~#@$P~show~0~2~810~240~0~gge2976~0^^810~240^^M 810 240 h -3~#800^^0~803~240~0~2~end~~~#800^^0~811~236~0~2~start~~~#800^^0~810~240^^0~M 807 237 L 804 240 L 807 243#@$P~show~0~1~770~240~180~gge2983~0^^770~240^^M 770 240 h 3~#800^^0~777~240~0~1~start~~~#800^^0~769~236~0~1~end~~~#800^^0~770~240^^0~M 773 243 L 776 240 L 773 237#@$A~M 773.117 239.932 A 4 3.9 0 1 1 781.082 239.936~~#880000~1~0~none~gge2990~0#@$A~M 781.6 239.929 A 4 3.9 0 1 1 789.565 239.934~~#880000~1~0~none~gge2991~0#@$A~M 790.067 239.929 A 4 3.9 0 1 1 798.032 239.934~~#880000~1~0~none~gge2992~0#@$A~M 798.7 239.931 A 4 3.9 0 1 1 806.665 239.936~~#880000~1~0~none~gge2993~0","J~230~460~2.5~#CC0000~gge2433~0","J~880~330~2.5~#CC0000~gge701~0","J~900~240~2.5~#CC0000~gge748~0","J~290~310~2.5~#CC0000~gge831~0","J~270~310~2.5~#CC0000~gge887~0","J~620~360~2.5~#CC0000~gge1108~0","J~620~400~2.5~#CC0000~gge1110~0","J~440~310~2.5~#CC0000~gge1115~0","J~800~360~2.5~#CC0000~gge1216~0","J~880~240~2.5~#CC0000~gge1218~0","J~740~320~2.5~#CC0000~gge1221~0","J~750~320~2.5~#CC0000~gge1223~0","J~820~240~2.5~#CC0000~gge1225~0","J~670~360~2.5~#CC0000~gge2945~0"],"BBox":{"x":0,"y":-0.7,"width":1149,"height":807.1},"colors":[]}}],"docType":5,"title":"Great Scott Li-Ion Battery Charger","name":"Great Scott Li-Ion Battery Charger"}